[
    {
        "name": "smsgatewayme/client",
        "version": "v0.0.1",
        "version_normalized": "0.0.1.0",
        "source": {
            "type": "git",
            "url": "https://github.com/smsgatewayme/client-php.git",
            "reference": "864f326ad6951599b487aab3cc350a966c5cbd86"
        },
        "require": {
            "ext-curl": "*",
            "ext-json": "*",
            "ext-mbstring": "*",
            "php": ">=5.3.3"
        },
        "require-dev": {
            "phpunit/phpunit": "~4.0",
            "satooshi/php-coveralls": "~0.6.1",
            "squizlabs/php_codesniffer": "~2.0"
        },
        "time": "2018-05-16T00:07:48+00:00",
        "type": "library",
        "installation-source": "source",
        "autoload": {
            "psr-4": {
                "SMSGatewayMe\\Client\\": "lib/"
            }
        },
        "license": [
            "Apache v2"
        ],
        "authors": [
            {
                "name": "SMS Gateway Me",
                "homepage": "https://smsgateway.me"
            }
        ],
        "homepage": "https://smsgateway.me",
        "keywords": [
            "api",
            "php",
            "sdk",
            "swagger"
        ]
    }
]
