{
    "packages": [
        {
            "name": "guzzlehttp/guzzle",
            "version": "7.2.0",
            "version_normalized": "7.2.0.0",
            "source": {
                "type": "git",
                "url": "https://github.com/guzzle/guzzle.git",
                "reference": "0aa74dfb41ae110835923ef10a9d803a22d50e79"
            },
            "dist": {
                "type": "zip",
                "url": "https://api.github.com/repos/guzzle/guzzle/zipball/0aa74dfb41ae110835923ef10a9d803a22d50e79",
                "reference": "0aa74dfb41ae110835923ef10a9d803a22d50e79",
                "shasum": ""
            },
            "require": {
                "ext-json": "*",
                "guzzlehttp/promises": "^1.4",
                "guzzlehttp/psr7": "^1.7",
                "php": "^7.2.5 || ^8.0",
                "psr/http-client": "^1.0"
            },
            "provide": {
                "psr/http-client-implementation": "1.0"
            },
            "require-dev": {
                "ext-curl": "*",
                "php-http/client-integration-tests": "^3.0",
                "phpunit/phpunit": "^8.5.5 || ^9.3.5",
                "psr/log": "^1.1"
            },
            "suggest": {
                "ext-curl": "Required for CURL handler support",
                "ext-intl": "Required for Internationalized Domain Name (IDN) support",
                "psr/log": "Required for using the Log middleware"
            },
            "time": "2020-10-10T11:47:56+00:00",
            "type": "library",
            "extra": {
                "branch-alias": {
                    "dev-master": "7.1-dev"
                }
            },
            "installation-source": "dist",
            "autoload": {
                "psr-4": {
                    "GuzzleHttp\\": "src/"
                },
                "files": [
                    "src/functions_include.php"
                ]
            },
            "notification-url": "https://packagist.org/downloads/",
            "license": [
                "MIT"
            ],
            "authors": [
                {
                    "name": "Michael Dowling",
                    "email": "mtdowling@gmail.com",
                    "homepage": "https://github.com/mtdowling"
                },
                {
                    "name": "Márk Sági-Kazár",
                    "email": "mark.sagikazar@gmail.com",
                    "homepage": "https://sagikazarmark.hu"
                }
            ],
            "description": "Guzzle is a PHP HTTP client library",
            "homepage": "http://guzzlephp.org/",
            "keywords": [
                "client",
                "curl",
                "framework",
                "http",
                "http client",
                "psr-18",
                "psr-7",
                "rest",
                "web service"
            ],
            "support": {
                "issues": "https://github.com/guzzle/guzzle/issues",
                "source": "https://github.com/guzzle/guzzle/tree/7.2.0"
            },
            "funding": [
                {
                    "url": "https://github.com/GrahamCampbell",
                    "type": "github"
                },
                {
                    "url": "https://github.com/Nyholm",
                    "type": "github"
                },
                {
                    "url": "https://github.com/alexeyshockov",
                    "type": "github"
                },
                {
                    "url": "https://github.com/gmponos",
                    "type": "github"
                }
            ],
            "install-path": "../guzzlehttp/guzzle"
        },
        {
            "name": "guzzlehttp/promises",
            "version": "1.4.0",
            "version_normalized": "1.4.0.0",
            "source": {
                "type": "git",
                "url": "https://github.com/guzzle/promises.git",
                "reference": "60d379c243457e073cff02bc323a2a86cb355631"
            },
            "dist": {
                "type": "zip",
                "url": "https://api.github.com/repos/guzzle/promises/zipball/60d379c243457e073cff02bc323a2a86cb355631",
                "reference": "60d379c243457e073cff02bc323a2a86cb355631",
                "shasum": ""
            },
            "require": {
                "php": ">=5.5"
            },
            "require-dev": {
                "symfony/phpunit-bridge": "^4.4 || ^5.1"
            },
            "time": "2020-09-30T07:37:28+00:00",
            "type": "library",
            "extra": {
                "branch-alias": {
                    "dev-master": "1.4-dev"
                }
            },
            "installation-source": "dist",
            "autoload": {
                "psr-4": {
                    "GuzzleHttp\\Promise\\": "src/"
                },
                "files": [
                    "src/functions_include.php"
                ]
            },
            "notification-url": "https://packagist.org/downloads/",
            "license": [
                "MIT"
            ],
            "authors": [
                {
                    "name": "Michael Dowling",
                    "email": "mtdowling@gmail.com",
                    "homepage": "https://github.com/mtdowling"
                }
            ],
            "description": "Guzzle promises library",
            "keywords": [
                "promise"
            ],
            "support": {
                "issues": "https://github.com/guzzle/promises/issues",
                "source": "https://github.com/guzzle/promises/tree/1.4.0"
            },
            "install-path": "../guzzlehttp/promises"
        },
        {
            "name": "guzzlehttp/psr7",
            "version": "1.7.0",
            "version_normalized": "1.7.0.0",
            "source": {
                "type": "git",
                "url": "https://github.com/guzzle/psr7.git",
                "reference": "53330f47520498c0ae1f61f7e2c90f55690c06a3"
            },
            "dist": {
                "type": "zip",
                "url": "https://api.github.com/repos/guzzle/psr7/zipball/53330f47520498c0ae1f61f7e2c90f55690c06a3",
                "reference": "53330f47520498c0ae1f61f7e2c90f55690c06a3",
                "shasum": ""
            },
            "require": {
                "php": ">=5.4.0",
                "psr/http-message": "~1.0",
                "ralouphie/getallheaders": "^2.0.5 || ^3.0.0"
            },
            "provide": {
                "psr/http-message-implementation": "1.0"
            },
            "require-dev": {
                "ext-zlib": "*",
                "phpunit/phpunit": "~4.8.36 || ^5.7.27 || ^6.5.14 || ^7.5.20 || ^8.5.8 || ^9.3.10"
            },
            "suggest": {
                "laminas/laminas-httphandlerrunner": "Emit PSR-7 responses"
            },
            "time": "2020-09-30T07:37:11+00:00",
            "type": "library",
            "extra": {
                "branch-alias": {
                    "dev-master": "1.7-dev"
                }
            },
            "installation-source": "dist",
            "autoload": {
                "psr-4": {
                    "GuzzleHttp\\Psr7\\": "src/"
                },
                "files": [
                    "src/functions_include.php"
                ]
            },
            "notification-url": "https://packagist.org/downloads/",
            "license": [
                "MIT"
            ],
            "authors": [
                {
                    "name": "Michael Dowling",
                    "email": "mtdowling@gmail.com",
                    "homepage": "https://github.com/mtdowling"
                },
                {
                    "name": "Tobias Schultze",
                    "homepage": "https://github.com/Tobion"
                }
            ],
            "description": "PSR-7 message implementation that also provides common utility methods",
            "keywords": [
                "http",
                "message",
                "psr-7",
                "request",
                "response",
                "stream",
                "uri",
                "url"
            ],
            "support": {
                "issues": "https://github.com/guzzle/psr7/issues",
                "source": "https://github.com/guzzle/psr7/tree/1.7.0"
            },
            "install-path": "../guzzlehttp/psr7"
        },
        {
            "name": "ovh/ovh",
            "version": "v3.0.0",
            "version_normalized": "3.0.0.0",
            "source": {
                "type": "git",
                "url": "https://github.com/ovh/php-ovh.git",
                "reference": "75852ad0fee8008b6245d72a7d3ba7f09cb456ae"
            },
            "dist": {
                "type": "zip",
                "url": "https://api.github.com/repos/ovh/php-ovh/zipball/75852ad0fee8008b6245d72a7d3ba7f09cb456ae",
                "reference": "75852ad0fee8008b6245d72a7d3ba7f09cb456ae",
                "shasum": ""
            },
            "require": {
                "ext-json": "*",
                "guzzlehttp/guzzle": "^6.0||^7.0",
                "php": ">=7.4"
            },
            "require-dev": {
                "phpdocumentor/graphviz": "^2.0@dev",
                "phpdocumentor/phpdocumentor": "v3.0.0",
                "phpunit/phpunit": "^9.5",
                "squizlabs/php_codesniffer": "^3.5",
                "symfony/flex": "^1.11"
            },
            "time": "2021-01-20T09:02:28+00:00",
            "type": "library",
            "installation-source": "dist",
            "autoload": {
                "psr-4": {
                    "Ovh\\": "src/"
                }
            },
            "notification-url": "https://packagist.org/downloads/",
            "license": [
                "BSD-3-Clause"
            ],
            "description": "Wrapper for OVH APIs",
            "support": {
                "issues": "https://github.com/ovh/php-ovh/issues",
                "source": "https://github.com/ovh/php-ovh/tree/v3.0.0"
            },
            "install-path": "../ovh/ovh"
        },
        {
            "name": "psr/http-client",
            "version": "1.0.1",
            "version_normalized": "1.0.1.0",
            "source": {
                "type": "git",
                "url": "https://github.com/php-fig/http-client.git",
                "reference": "2dfb5f6c5eff0e91e20e913f8c5452ed95b86621"
            },
            "dist": {
                "type": "zip",
                "url": "https://api.github.com/repos/php-fig/http-client/zipball/2dfb5f6c5eff0e91e20e913f8c5452ed95b86621",
                "reference": "2dfb5f6c5eff0e91e20e913f8c5452ed95b86621",
                "shasum": ""
            },
            "require": {
                "php": "^7.0 || ^8.0",
                "psr/http-message": "^1.0"
            },
            "time": "2020-06-29T06:28:15+00:00",
            "type": "library",
            "extra": {
                "branch-alias": {
                    "dev-master": "1.0.x-dev"
                }
            },
            "installation-source": "dist",
            "autoload": {
                "psr-4": {
                    "Psr\\Http\\Client\\": "src/"
                }
            },
            "notification-url": "https://packagist.org/downloads/",
            "license": [
                "MIT"
            ],
            "authors": [
                {
                    "name": "PHP-FIG",
                    "homepage": "http://www.php-fig.org/"
                }
            ],
            "description": "Common interface for HTTP clients",
            "homepage": "https://github.com/php-fig/http-client",
            "keywords": [
                "http",
                "http-client",
                "psr",
                "psr-18"
            ],
            "support": {
                "source": "https://github.com/php-fig/http-client/tree/master"
            },
            "install-path": "../psr/http-client"
        },
        {
            "name": "psr/http-message",
            "version": "1.0.1",
            "version_normalized": "1.0.1.0",
            "source": {
                "type": "git",
                "url": "https://github.com/php-fig/http-message.git",
                "reference": "f6561bf28d520154e4b0ec72be95418abe6d9363"
            },
            "dist": {
                "type": "zip",
                "url": "https://api.github.com/repos/php-fig/http-message/zipball/f6561bf28d520154e4b0ec72be95418abe6d9363",
                "reference": "f6561bf28d520154e4b0ec72be95418abe6d9363",
                "shasum": ""
            },
            "require": {
                "php": ">=5.3.0"
            },
            "time": "2016-08-06T14:39:51+00:00",
            "type": "library",
            "extra": {
                "branch-alias": {
                    "dev-master": "1.0.x-dev"
                }
            },
            "installation-source": "dist",
            "autoload": {
                "psr-4": {
                    "Psr\\Http\\Message\\": "src/"
                }
            },
            "notification-url": "https://packagist.org/downloads/",
            "license": [
                "MIT"
            ],
            "authors": [
                {
                    "name": "PHP-FIG",
                    "homepage": "http://www.php-fig.org/"
                }
            ],
            "description": "Common interface for HTTP messages",
            "homepage": "https://github.com/php-fig/http-message",
            "keywords": [
                "http",
                "http-message",
                "psr",
                "psr-7",
                "request",
                "response"
            ],
            "support": {
                "source": "https://github.com/php-fig/http-message/tree/master"
            },
            "install-path": "../psr/http-message"
        },
        {
            "name": "ralouphie/getallheaders",
            "version": "3.0.3",
            "version_normalized": "3.0.3.0",
            "source": {
                "type": "git",
                "url": "https://github.com/ralouphie/getallheaders.git",
                "reference": "120b605dfeb996808c31b6477290a714d356e822"
            },
            "dist": {
                "type": "zip",
                "url": "https://api.github.com/repos/ralouphie/getallheaders/zipball/120b605dfeb996808c31b6477290a714d356e822",
                "reference": "120b605dfeb996808c31b6477290a714d356e822",
                "shasum": ""
            },
            "require": {
                "php": ">=5.6"
            },
            "require-dev": {
                "php-coveralls/php-coveralls": "^2.1",
                "phpunit/phpunit": "^5 || ^6.5"
            },
            "time": "2019-03-08T08:55:37+00:00",
            "type": "library",
            "installation-source": "dist",
            "autoload": {
                "files": [
                    "src/getallheaders.php"
                ]
            },
            "notification-url": "https://packagist.org/downloads/",
            "license": [
                "MIT"
            ],
            "authors": [
                {
                    "name": "Ralph Khattar",
                    "email": "ralph.khattar@gmail.com"
                }
            ],
            "description": "A polyfill for getallheaders.",
            "support": {
                "issues": "https://github.com/ralouphie/getallheaders/issues",
                "source": "https://github.com/ralouphie/getallheaders/tree/develop"
            },
            "install-path": "../ralouphie/getallheaders"
        }
    ],
    "dev": true,
    "dev-package-names": []
}
