{
    "packages": [
        {
            "name": "guzzlehttp/guzzle",
            "version": "5.3.4",
            "version_normalized": "5.3.4.0",
            "source": {
                "type": "git",
                "url": "https://github.com/guzzle/guzzle.git",
                "reference": "b87eda7a7162f95574032da17e9323c9899cb6b2"
            },
            "dist": {
                "type": "zip",
                "url": "https://api.github.com/repos/guzzle/guzzle/zipball/b87eda7a7162f95574032da17e9323c9899cb6b2",
                "reference": "b87eda7a7162f95574032da17e9323c9899cb6b2",
                "shasum": ""
            },
            "require": {
                "guzzlehttp/ringphp": "^1.1",
                "php": ">=5.4.0",
                "react/promise": "^2.2"
            },
            "require-dev": {
                "ext-curl": "*",
                "phpunit/phpunit": "^4.0"
            },
            "time": "2019-10-30T09:32:00+00:00",
            "type": "library",
            "installation-source": "dist",
            "autoload": {
                "psr-4": {
                    "GuzzleHttp\\": "src/"
                }
            },
            "notification-url": "https://packagist.org/downloads/",
            "license": [
                "MIT"
            ],
            "authors": [
                {
                    "name": "Michael Dowling",
                    "email": "mtdowling@gmail.com",
                    "homepage": "https://github.com/mtdowling"
                }
            ],
            "description": "Guzzle is a PHP HTTP client library and framework for building RESTful web service clients",
            "homepage": "http://guzzlephp.org/",
            "keywords": [
                "client",
                "curl",
                "framework",
                "http",
                "http client",
                "rest",
                "web service"
            ],
            "support": {
                "issues": "https://github.com/guzzle/guzzle/issues",
                "source": "https://github.com/guzzle/guzzle/tree/5.3"
            },
            "install-path": "../guzzlehttp/guzzle"
        },
        {
            "name": "guzzlehttp/ringphp",
            "version": "1.1.1",
            "version_normalized": "1.1.1.0",
            "source": {
                "type": "git",
                "url": "https://github.com/guzzle/RingPHP.git",
                "reference": "5e2a174052995663dd68e6b5ad838afd47dd615b"
            },
            "dist": {
                "type": "zip",
                "url": "https://api.github.com/repos/guzzle/RingPHP/zipball/5e2a174052995663dd68e6b5ad838afd47dd615b",
                "reference": "5e2a174052995663dd68e6b5ad838afd47dd615b",
                "shasum": ""
            },
            "require": {
                "guzzlehttp/streams": "~3.0",
                "php": ">=5.4.0",
                "react/promise": "~2.0"
            },
            "require-dev": {
                "ext-curl": "*",
                "phpunit/phpunit": "~4.0"
            },
            "suggest": {
                "ext-curl": "Guzzle will use specific adapters if cURL is present"
            },
            "time": "2018-07-31T13:22:33+00:00",
            "type": "library",
            "extra": {
                "branch-alias": {
                    "dev-master": "1.1-dev"
                }
            },
            "installation-source": "dist",
            "autoload": {
                "psr-4": {
                    "GuzzleHttp\\Ring\\": "src/"
                }
            },
            "notification-url": "https://packagist.org/downloads/",
            "license": [
                "MIT"
            ],
            "authors": [
                {
                    "name": "Michael Dowling",
                    "email": "mtdowling@gmail.com",
                    "homepage": "https://github.com/mtdowling"
                }
            ],
            "description": "Provides a simple API and specification that abstracts away the details of HTTP into a single PHP function.",
            "support": {
                "issues": "https://github.com/guzzle/RingPHP/issues",
                "source": "https://github.com/guzzle/RingPHP/tree/1.1.1"
            },
            "abandoned": true,
            "install-path": "../guzzlehttp/ringphp"
        },
        {
            "name": "guzzlehttp/streams",
            "version": "3.0.0",
            "version_normalized": "3.0.0.0",
            "source": {
                "type": "git",
                "url": "https://github.com/guzzle/streams.git",
                "reference": "47aaa48e27dae43d39fc1cea0ccf0d84ac1a2ba5"
            },
            "dist": {
                "type": "zip",
                "url": "https://api.github.com/repos/guzzle/streams/zipball/47aaa48e27dae43d39fc1cea0ccf0d84ac1a2ba5",
                "reference": "47aaa48e27dae43d39fc1cea0ccf0d84ac1a2ba5",
                "shasum": ""
            },
            "require": {
                "php": ">=5.4.0"
            },
            "require-dev": {
                "phpunit/phpunit": "~4.0"
            },
            "time": "2014-10-12T19:18:40+00:00",
            "type": "library",
            "extra": {
                "branch-alias": {
                    "dev-master": "3.0-dev"
                }
            },
            "installation-source": "dist",
            "autoload": {
                "psr-4": {
                    "GuzzleHttp\\Stream\\": "src/"
                }
            },
            "notification-url": "https://packagist.org/downloads/",
            "license": [
                "MIT"
            ],
            "authors": [
                {
                    "name": "Michael Dowling",
                    "email": "mtdowling@gmail.com",
                    "homepage": "https://github.com/mtdowling"
                }
            ],
            "description": "Provides a simple abstraction over streams of data",
            "homepage": "http://guzzlephp.org/",
            "keywords": [
                "Guzzle",
                "stream"
            ],
            "support": {
                "issues": "https://github.com/guzzle/streams/issues",
                "source": "https://github.com/guzzle/streams/tree/master"
            },
            "abandoned": true,
            "install-path": "../guzzlehttp/streams"
        },
        {
            "name": "ovh/ovh",
            "version": "v1.1.2",
            "version_normalized": "1.1.2.0",
            "source": {
                "type": "git",
                "url": "https://github.com/ovh/php-ovh.git",
                "reference": "efd770390a3fe9b91c31c9f3a205f4023f75d161"
            },
            "dist": {
                "type": "zip",
                "url": "https://api.github.com/repos/ovh/php-ovh/zipball/efd770390a3fe9b91c31c9f3a205f4023f75d161",
                "reference": "efd770390a3fe9b91c31c9f3a205f4023f75d161",
                "shasum": ""
            },
            "require": {
                "guzzlehttp/guzzle": ">=4.0,<6.0"
            },
            "require-dev": {
                "phpdocumentor/phpdocumentor": "2.*",
                "phpunit/phpunit": "4.*",
                "squizlabs/php_codesniffer": "1.*"
            },
            "time": "2015-12-16T10:34:19+00:00",
            "type": "library",
            "installation-source": "dist",
            "autoload": {
                "psr-4": {
                    "Ovh\\": "src/"
                }
            },
            "notification-url": "https://packagist.org/downloads/",
            "license": [
                "BSD-3-Clause"
            ],
            "authors": [
                {
                    "name": "Vincent Cassé"
                }
            ],
            "description": "Wrapper for OVH APIs",
            "support": {
                "issues": "https://github.com/ovh/php-ovh/issues",
                "source": "https://github.com/ovh/php-ovh/tree/master"
            },
            "install-path": "../ovh/ovh"
        },
        {
            "name": "ovh/php-ovh-sms",
            "version": "1.0",
            "version_normalized": "1.0.0.0",
            "source": {
                "type": "git",
                "url": "https://github.com/ovh/php-ovh-sms.git",
                "reference": "96fb25947d30b6dac58c87638e09799870a4841c"
            },
            "dist": {
                "type": "zip",
                "url": "https://api.github.com/repos/ovh/php-ovh-sms/zipball/96fb25947d30b6dac58c87638e09799870a4841c",
                "reference": "96fb25947d30b6dac58c87638e09799870a4841c",
                "shasum": ""
            },
            "require": {
                "ovh/ovh": "~1.1.1"
            },
            "require-dev": {
                "phpdocumentor/phpdocumentor": "2.*",
                "phpunit/phpunit": "4.*",
                "squizlabs/php_codesniffer": "1.*"
            },
            "time": "2016-07-13T14:41:35+00:00",
            "type": "library",
            "installation-source": "dist",
            "autoload": {
                "psr-0": {
                    "Ovh\\Sms\\": "src/"
                },
                "psr-4": {
                    "Ovh\\Sms\\": "src/"
                }
            },
            "notification-url": "https://packagist.org/downloads/",
            "license": [
                "BSD-3-Clause"
            ],
            "description": "SDK for OVH SMS APIs",
            "support": {
                "issues": "https://github.com/ovh/php-ovh-sms/issues",
                "source": "https://github.com/ovh/php-ovh-sms/tree/master"
            },
            "install-path": "../ovh/php-ovh-sms"
        },
        {
            "name": "react/promise",
            "version": "v2.8.0",
            "version_normalized": "2.8.0.0",
            "source": {
                "type": "git",
                "url": "https://github.com/reactphp/promise.git",
                "reference": "f3cff96a19736714524ca0dd1d4130de73dbbbc4"
            },
            "dist": {
                "type": "zip",
                "url": "https://api.github.com/repos/reactphp/promise/zipball/f3cff96a19736714524ca0dd1d4130de73dbbbc4",
                "reference": "f3cff96a19736714524ca0dd1d4130de73dbbbc4",
                "shasum": ""
            },
            "require": {
                "php": ">=5.4.0"
            },
            "require-dev": {
                "phpunit/phpunit": "^7.0 || ^6.5 || ^5.7 || ^4.8.36"
            },
            "time": "2020-05-12T15:16:56+00:00",
            "type": "library",
            "installation-source": "dist",
            "autoload": {
                "psr-4": {
                    "React\\Promise\\": "src/"
                },
                "files": [
                    "src/functions_include.php"
                ]
            },
            "notification-url": "https://packagist.org/downloads/",
            "license": [
                "MIT"
            ],
            "authors": [
                {
                    "name": "Jan Sorgalla",
                    "email": "jsorgalla@gmail.com"
                }
            ],
            "description": "A lightweight implementation of CommonJS Promises/A for PHP",
            "keywords": [
                "promise",
                "promises"
            ],
            "support": {
                "issues": "https://github.com/reactphp/promise/issues",
                "source": "https://github.com/reactphp/promise/tree/v2.8.0"
            },
            "install-path": "../react/promise"
        }
    ],
    "dev": true,
    "dev-package-names": []
}
